"file","arabic_text","transliteration","notes","recorded"
"phonemes/alif_a.mp3","أَ","ʔa","Level 1 short vowel (fatha) — say the SOUND only, not the letter name","no"
"phonemes/alif_i.mp3","إِ","ʔi","Level 1 short vowel (kasra) — say the SOUND only, not the letter name","no"
"phonemes/alif_u.mp3","أُ","ʔu","Level 1 short vowel (damma) — say the SOUND only, not the letter name","no"
"phonemes/alif_aa.mp3","آ","ʔaa","Level 2 long vowel (fatha) — clearly lengthened (~2× short)","no"
"phonemes/alif_ii.mp3","إِي","ʔii","Level 2 long vowel (kasra) — clearly lengthened (~2× short)","no"
"phonemes/alif_uu.mp3","أُو","ʔuu","Level 2 long vowel (damma) — clearly lengthened (~2× short)","no"
"phonemes/baa_a.mp3","بَ","ba","Level 1 short vowel (fatha) — say the SOUND only, not the letter name","no"
"phonemes/baa_i.mp3","بِ","bi","Level 1 short vowel (kasra) — say the SOUND only, not the letter name","no"
"phonemes/baa_u.mp3","بُ","bu","Level 1 short vowel (damma) — say the SOUND only, not the letter name","no"
"phonemes/baa_aa.mp3","بَا","baa","Level 2 long vowel (fatha) — clearly lengthened (~2× short)","no"
"phonemes/baa_ii.mp3","بِي","bii","Level 2 long vowel (kasra) — clearly lengthened (~2× short)","no"
"phonemes/baa_uu.mp3","بُو","buu","Level 2 long vowel (damma) — clearly lengthened (~2× short)","no"
"phonemes/taa_a.mp3","تَ","ta","Level 1 short vowel (fatha) — say the SOUND only, not the letter name","no"
"phonemes/taa_i.mp3","تِ","ti","Level 1 short vowel (kasra) — say the SOUND only, not the letter name","no"
"phonemes/taa_u.mp3","تُ","tu","Level 1 short vowel (damma) — say the SOUND only, not the letter name","no"
"phonemes/taa_aa.mp3","تَا","taa","Level 2 long vowel (fatha) — clearly lengthened (~2× short)","no"
"phonemes/taa_ii.mp3","تِي","tii","Level 2 long vowel (kasra) — clearly lengthened (~2× short)","no"
"phonemes/taa_uu.mp3","تُو","tuu","Level 2 long vowel (damma) — clearly lengthened (~2× short)","no"
"phonemes/thaa_a.mp3","ثَ","tha","Level 1 short vowel (fatha) — say the SOUND only, not the letter name","no"
"phonemes/thaa_i.mp3","ثِ","thi","Level 1 short vowel (kasra) — say the SOUND only, not the letter name","no"
"phonemes/thaa_u.mp3","ثُ","thu","Level 1 short vowel (damma) — say the SOUND only, not the letter name","no"
"phonemes/thaa_aa.mp3","ثَا","thaa","Level 2 long vowel (fatha) — clearly lengthened (~2× short)","no"
"phonemes/thaa_ii.mp3","ثِي","thii","Level 2 long vowel (kasra) — clearly lengthened (~2× short)","no"
"phonemes/thaa_uu.mp3","ثُو","thuu","Level 2 long vowel (damma) — clearly lengthened (~2× short)","no"
"phonemes/jeem_a.mp3","جَ","ja","Level 1 short vowel (fatha) — say the SOUND only, not the letter name","no"
"phonemes/jeem_i.mp3","جِ","ji","Level 1 short vowel (kasra) — say the SOUND only, not the letter name","no"
"phonemes/jeem_u.mp3","جُ","ju","Level 1 short vowel (damma) — say the SOUND only, not the letter name","no"
"phonemes/jeem_aa.mp3","جَا","jaa","Level 2 long vowel (fatha) — clearly lengthened (~2× short)","no"
"phonemes/jeem_ii.mp3","جِي","jii","Level 2 long vowel (kasra) — clearly lengthened (~2× short)","no"
"phonemes/jeem_uu.mp3","جُو","juu","Level 2 long vowel (damma) — clearly lengthened (~2× short)","no"
"phonemes/hhaa_a.mp3","حَ","ḥa","Level 1 short vowel (fatha) — say the SOUND only, not the letter name","no"
"phonemes/hhaa_i.mp3","حِ","ḥi","Level 1 short vowel (kasra) — say the SOUND only, not the letter name","no"
"phonemes/hhaa_u.mp3","حُ","ḥu","Level 1 short vowel (damma) — say the SOUND only, not the letter name","no"
"phonemes/hhaa_aa.mp3","حَا","ḥaa","Level 2 long vowel (fatha) — clearly lengthened (~2× short)","no"
"phonemes/hhaa_ii.mp3","حِي","ḥii","Level 2 long vowel (kasra) — clearly lengthened (~2× short)","no"
"phonemes/hhaa_uu.mp3","حُو","ḥuu","Level 2 long vowel (damma) — clearly lengthened (~2× short)","no"
"phonemes/khaa_a.mp3","خَ","kha","Level 1 short vowel (fatha) — say the SOUND only, not the letter name","no"
"phonemes/khaa_i.mp3","خِ","khi","Level 1 short vowel (kasra) — say the SOUND only, not the letter name","no"
"phonemes/khaa_u.mp3","خُ","khu","Level 1 short vowel (damma) — say the SOUND only, not the letter name","no"
"phonemes/khaa_aa.mp3","خَا","khaa","Level 2 long vowel (fatha) — clearly lengthened (~2× short)","no"
"phonemes/khaa_ii.mp3","خِي","khii","Level 2 long vowel (kasra) — clearly lengthened (~2× short)","no"
"phonemes/khaa_uu.mp3","خُو","khuu","Level 2 long vowel (damma) — clearly lengthened (~2× short)","no"
"phonemes/daal_a.mp3","دَ","da","Level 1 short vowel (fatha) — say the SOUND only, not the letter name","no"
"phonemes/daal_i.mp3","دِ","di","Level 1 short vowel (kasra) — say the SOUND only, not the letter name","no"
"phonemes/daal_u.mp3","دُ","du","Level 1 short vowel (damma) — say the SOUND only, not the letter name","no"
"phonemes/daal_aa.mp3","دَا","daa","Level 2 long vowel (fatha) — clearly lengthened (~2× short)","no"
"phonemes/daal_ii.mp3","دِي","dii","Level 2 long vowel (kasra) — clearly lengthened (~2× short)","no"
"phonemes/daal_uu.mp3","دُو","duu","Level 2 long vowel (damma) — clearly lengthened (~2× short)","no"
"phonemes/dhaal_a.mp3","ذَ","dha","Level 1 short vowel (fatha) — say the SOUND only, not the letter name","no"
"phonemes/dhaal_i.mp3","ذِ","dhi","Level 1 short vowel (kasra) — say the SOUND only, not the letter name","no"
"phonemes/dhaal_u.mp3","ذُ","dhu","Level 1 short vowel (damma) — say the SOUND only, not the letter name","no"
"phonemes/dhaal_aa.mp3","ذَا","dhaa","Level 2 long vowel (fatha) — clearly lengthened (~2× short)","no"
"phonemes/dhaal_ii.mp3","ذِي","dhii","Level 2 long vowel (kasra) — clearly lengthened (~2× short)","no"
"phonemes/dhaal_uu.mp3","ذُو","dhuu","Level 2 long vowel (damma) — clearly lengthened (~2× short)","no"
"phonemes/raa_a.mp3","رَ","ra","Level 1 short vowel (fatha) — say the SOUND only, not the letter name","no"
"phonemes/raa_i.mp3","رِ","ri","Level 1 short vowel (kasra) — say the SOUND only, not the letter name","no"
"phonemes/raa_u.mp3","رُ","ru","Level 1 short vowel (damma) — say the SOUND only, not the letter name","no"
"phonemes/raa_aa.mp3","رَا","raa","Level 2 long vowel (fatha) — clearly lengthened (~2× short)","no"
"phonemes/raa_ii.mp3","رِي","rii","Level 2 long vowel (kasra) — clearly lengthened (~2× short)","no"
"phonemes/raa_uu.mp3","رُو","ruu","Level 2 long vowel (damma) — clearly lengthened (~2× short)","no"
"phonemes/zaay_a.mp3","زَ","za","Level 1 short vowel (fatha) — say the SOUND only, not the letter name","no"
"phonemes/zaay_i.mp3","زِ","zi","Level 1 short vowel (kasra) — say the SOUND only, not the letter name","no"
"phonemes/zaay_u.mp3","زُ","zu","Level 1 short vowel (damma) — say the SOUND only, not the letter name","no"
"phonemes/zaay_aa.mp3","زَا","zaa","Level 2 long vowel (fatha) — clearly lengthened (~2× short)","no"
"phonemes/zaay_ii.mp3","زِي","zii","Level 2 long vowel (kasra) — clearly lengthened (~2× short)","no"
"phonemes/zaay_uu.mp3","زُو","zuu","Level 2 long vowel (damma) — clearly lengthened (~2× short)","no"
"phonemes/seen_a.mp3","سَ","sa","Level 1 short vowel (fatha) — say the SOUND only, not the letter name","no"
"phonemes/seen_i.mp3","سِ","si","Level 1 short vowel (kasra) — say the SOUND only, not the letter name","no"
"phonemes/seen_u.mp3","سُ","su","Level 1 short vowel (damma) — say the SOUND only, not the letter name","no"
"phonemes/seen_aa.mp3","سَا","saa","Level 2 long vowel (fatha) — clearly lengthened (~2× short)","no"
"phonemes/seen_ii.mp3","سِي","sii","Level 2 long vowel (kasra) — clearly lengthened (~2× short)","no"
"phonemes/seen_uu.mp3","سُو","suu","Level 2 long vowel (damma) — clearly lengthened (~2× short)","no"
"phonemes/sheen_a.mp3","شَ","sha","Level 1 short vowel (fatha) — say the SOUND only, not the letter name","no"
"phonemes/sheen_i.mp3","شِ","shi","Level 1 short vowel (kasra) — say the SOUND only, not the letter name","no"
"phonemes/sheen_u.mp3","شُ","shu","Level 1 short vowel (damma) — say the SOUND only, not the letter name","no"
"phonemes/sheen_aa.mp3","شَا","shaa","Level 2 long vowel (fatha) — clearly lengthened (~2× short)","no"
"phonemes/sheen_ii.mp3","شِي","shii","Level 2 long vowel (kasra) — clearly lengthened (~2× short)","no"
"phonemes/sheen_uu.mp3","شُو","shuu","Level 2 long vowel (damma) — clearly lengthened (~2× short)","no"
"phonemes/saad_a.mp3","صَ","ṣa","Level 1 short vowel (fatha) — say the SOUND only, not the letter name","no"
"phonemes/saad_i.mp3","صِ","ṣi","Level 1 short vowel (kasra) — say the SOUND only, not the letter name","no"
"phonemes/saad_u.mp3","صُ","ṣu","Level 1 short vowel (damma) — say the SOUND only, not the letter name","no"
"phonemes/saad_aa.mp3","صَا","ṣaa","Level 2 long vowel (fatha) — clearly lengthened (~2× short)","no"
"phonemes/saad_ii.mp3","صِي","ṣii","Level 2 long vowel (kasra) — clearly lengthened (~2× short)","no"
"phonemes/saad_uu.mp3","صُو","ṣuu","Level 2 long vowel (damma) — clearly lengthened (~2× short)","no"
"phonemes/daad_a.mp3","ضَ","ḍa","Level 1 short vowel (fatha) — say the SOUND only, not the letter name","no"
"phonemes/daad_i.mp3","ضِ","ḍi","Level 1 short vowel (kasra) — say the SOUND only, not the letter name","no"
"phonemes/daad_u.mp3","ضُ","ḍu","Level 1 short vowel (damma) — say the SOUND only, not the letter name","no"
"phonemes/daad_aa.mp3","ضَا","ḍaa","Level 2 long vowel (fatha) — clearly lengthened (~2× short)","no"
"phonemes/daad_ii.mp3","ضِي","ḍii","Level 2 long vowel (kasra) — clearly lengthened (~2× short)","no"
"phonemes/daad_uu.mp3","ضُو","ḍuu","Level 2 long vowel (damma) — clearly lengthened (~2× short)","no"
"phonemes/ttaa_a.mp3","طَ","ṭa","Level 1 short vowel (fatha) — say the SOUND only, not the letter name","no"
"phonemes/ttaa_i.mp3","طِ","ṭi","Level 1 short vowel (kasra) — say the SOUND only, not the letter name","no"
"phonemes/ttaa_u.mp3","طُ","ṭu","Level 1 short vowel (damma) — say the SOUND only, not the letter name","no"
"phonemes/ttaa_aa.mp3","طَا","ṭaa","Level 2 long vowel (fatha) — clearly lengthened (~2× short)","no"
"phonemes/ttaa_ii.mp3","طِي","ṭii","Level 2 long vowel (kasra) — clearly lengthened (~2× short)","no"
"phonemes/ttaa_uu.mp3","طُو","ṭuu","Level 2 long vowel (damma) — clearly lengthened (~2× short)","no"
"phonemes/zhaa_a.mp3","ظَ","ẓa","Level 1 short vowel (fatha) — say the SOUND only, not the letter name","no"
"phonemes/zhaa_i.mp3","ظِ","ẓi","Level 1 short vowel (kasra) — say the SOUND only, not the letter name","no"
"phonemes/zhaa_u.mp3","ظُ","ẓu","Level 1 short vowel (damma) — say the SOUND only, not the letter name","no"
"phonemes/zhaa_aa.mp3","ظَا","ẓaa","Level 2 long vowel (fatha) — clearly lengthened (~2× short)","no"
"phonemes/zhaa_ii.mp3","ظِي","ẓii","Level 2 long vowel (kasra) — clearly lengthened (~2× short)","no"
"phonemes/zhaa_uu.mp3","ظُو","ẓuu","Level 2 long vowel (damma) — clearly lengthened (~2× short)","no"
"phonemes/ain_a.mp3","عَ","ʿa","Level 1 short vowel (fatha) — say the SOUND only, not the letter name","no"
"phonemes/ain_i.mp3","عِ","ʿi","Level 1 short vowel (kasra) — say the SOUND only, not the letter name","no"
"phonemes/ain_u.mp3","عُ","ʿu","Level 1 short vowel (damma) — say the SOUND only, not the letter name","no"
"phonemes/ain_aa.mp3","عَا","ʿaa","Level 2 long vowel (fatha) — clearly lengthened (~2× short)","no"
"phonemes/ain_ii.mp3","عِي","ʿii","Level 2 long vowel (kasra) — clearly lengthened (~2× short)","no"
"phonemes/ain_uu.mp3","عُو","ʿuu","Level 2 long vowel (damma) — clearly lengthened (~2× short)","no"
"phonemes/ghain_a.mp3","غَ","gha","Level 1 short vowel (fatha) — say the SOUND only, not the letter name","no"
"phonemes/ghain_i.mp3","غِ","ghi","Level 1 short vowel (kasra) — say the SOUND only, not the letter name","no"
"phonemes/ghain_u.mp3","غُ","ghu","Level 1 short vowel (damma) — say the SOUND only, not the letter name","no"
"phonemes/ghain_aa.mp3","غَا","ghaa","Level 2 long vowel (fatha) — clearly lengthened (~2× short)","no"
"phonemes/ghain_ii.mp3","غِي","ghii","Level 2 long vowel (kasra) — clearly lengthened (~2× short)","no"
"phonemes/ghain_uu.mp3","غُو","ghuu","Level 2 long vowel (damma) — clearly lengthened (~2× short)","no"
"phonemes/faa_a.mp3","فَ","fa","Level 1 short vowel (fatha) — say the SOUND only, not the letter name","no"
"phonemes/faa_i.mp3","فِ","fi","Level 1 short vowel (kasra) — say the SOUND only, not the letter name","no"
"phonemes/faa_u.mp3","فُ","fu","Level 1 short vowel (damma) — say the SOUND only, not the letter name","no"
"phonemes/faa_aa.mp3","فَا","faa","Level 2 long vowel (fatha) — clearly lengthened (~2× short)","no"
"phonemes/faa_ii.mp3","فِي","fii","Level 2 long vowel (kasra) — clearly lengthened (~2× short)","no"
"phonemes/faa_uu.mp3","فُو","fuu","Level 2 long vowel (damma) — clearly lengthened (~2× short)","no"
"phonemes/qaaf_a.mp3","قَ","qa","Level 1 short vowel (fatha) — say the SOUND only, not the letter name","no"
"phonemes/qaaf_i.mp3","قِ","qi","Level 1 short vowel (kasra) — say the SOUND only, not the letter name","no"
"phonemes/qaaf_u.mp3","قُ","qu","Level 1 short vowel (damma) — say the SOUND only, not the letter name","no"
"phonemes/qaaf_aa.mp3","قَا","qaa","Level 2 long vowel (fatha) — clearly lengthened (~2× short)","no"
"phonemes/qaaf_ii.mp3","قِي","qii","Level 2 long vowel (kasra) — clearly lengthened (~2× short)","no"
"phonemes/qaaf_uu.mp3","قُو","quu","Level 2 long vowel (damma) — clearly lengthened (~2× short)","no"
"phonemes/kaaf_a.mp3","كَ","ka","Level 1 short vowel (fatha) — say the SOUND only, not the letter name","no"
"phonemes/kaaf_i.mp3","كِ","ki","Level 1 short vowel (kasra) — say the SOUND only, not the letter name","no"
"phonemes/kaaf_u.mp3","كُ","ku","Level 1 short vowel (damma) — say the SOUND only, not the letter name","no"
"phonemes/kaaf_aa.mp3","كَا","kaa","Level 2 long vowel (fatha) — clearly lengthened (~2× short)","no"
"phonemes/kaaf_ii.mp3","كِي","kii","Level 2 long vowel (kasra) — clearly lengthened (~2× short)","no"
"phonemes/kaaf_uu.mp3","كُو","kuu","Level 2 long vowel (damma) — clearly lengthened (~2× short)","no"
"phonemes/laam_a.mp3","لَ","la","Level 1 short vowel (fatha) — say the SOUND only, not the letter name","no"
"phonemes/laam_i.mp3","لِ","li","Level 1 short vowel (kasra) — say the SOUND only, not the letter name","no"
"phonemes/laam_u.mp3","لُ","lu","Level 1 short vowel (damma) — say the SOUND only, not the letter name","no"
"phonemes/laam_aa.mp3","لَا","laa","Level 2 long vowel (fatha) — clearly lengthened (~2× short)","no"
"phonemes/laam_ii.mp3","لِي","lii","Level 2 long vowel (kasra) — clearly lengthened (~2× short)","no"
"phonemes/laam_uu.mp3","لُو","luu","Level 2 long vowel (damma) — clearly lengthened (~2× short)","no"
"phonemes/meem_a.mp3","مَ","ma","Level 1 short vowel (fatha) — say the SOUND only, not the letter name","no"
"phonemes/meem_i.mp3","مِ","mi","Level 1 short vowel (kasra) — say the SOUND only, not the letter name","no"
"phonemes/meem_u.mp3","مُ","mu","Level 1 short vowel (damma) — say the SOUND only, not the letter name","no"
"phonemes/meem_aa.mp3","مَا","maa","Level 2 long vowel (fatha) — clearly lengthened (~2× short)","no"
"phonemes/meem_ii.mp3","مِي","mii","Level 2 long vowel (kasra) — clearly lengthened (~2× short)","no"
"phonemes/meem_uu.mp3","مُو","muu","Level 2 long vowel (damma) — clearly lengthened (~2× short)","no"
"phonemes/noon_a.mp3","نَ","na","Level 1 short vowel (fatha) — say the SOUND only, not the letter name","no"
"phonemes/noon_i.mp3","نِ","ni","Level 1 short vowel (kasra) — say the SOUND only, not the letter name","no"
"phonemes/noon_u.mp3","نُ","nu","Level 1 short vowel (damma) — say the SOUND only, not the letter name","no"
"phonemes/noon_aa.mp3","نَا","naa","Level 2 long vowel (fatha) — clearly lengthened (~2× short)","no"
"phonemes/noon_ii.mp3","نِي","nii","Level 2 long vowel (kasra) — clearly lengthened (~2× short)","no"
"phonemes/noon_uu.mp3","نُو","nuu","Level 2 long vowel (damma) — clearly lengthened (~2× short)","no"
"phonemes/haa_a.mp3","هَ","ha","Level 1 short vowel (fatha) — say the SOUND only, not the letter name","no"
"phonemes/haa_i.mp3","هِ","hi","Level 1 short vowel (kasra) — say the SOUND only, not the letter name","no"
"phonemes/haa_u.mp3","هُ","hu","Level 1 short vowel (damma) — say the SOUND only, not the letter name","no"
"phonemes/haa_aa.mp3","هَا","haa","Level 2 long vowel (fatha) — clearly lengthened (~2× short)","no"
"phonemes/haa_ii.mp3","هِي","hii","Level 2 long vowel (kasra) — clearly lengthened (~2× short)","no"
"phonemes/haa_uu.mp3","هُو","huu","Level 2 long vowel (damma) — clearly lengthened (~2× short)","no"
"phonemes/waaw_a.mp3","وَ","wa","Level 1 short vowel (fatha) — say the SOUND only, not the letter name","no"
"phonemes/waaw_i.mp3","وِ","wi","Level 1 short vowel (kasra) — say the SOUND only, not the letter name","no"
"phonemes/waaw_u.mp3","وُ","wu","Level 1 short vowel (damma) — say the SOUND only, not the letter name","no"
"phonemes/waaw_aa.mp3","وَا","waa","Level 2 long vowel (fatha) — clearly lengthened (~2× short)","no"
"phonemes/waaw_ii.mp3","وِي","wii","Level 2 long vowel (kasra) — clearly lengthened (~2× short)","no"
"phonemes/waaw_uu.mp3","وُو","wuu","Level 2 long vowel (damma) — clearly lengthened (~2× short)","no"
"phonemes/yaa_a.mp3","يَ","ya","Level 1 short vowel (fatha) — say the SOUND only, not the letter name","no"
"phonemes/yaa_i.mp3","يِ","yi","Level 1 short vowel (kasra) — say the SOUND only, not the letter name","no"
"phonemes/yaa_u.mp3","يُ","yu","Level 1 short vowel (damma) — say the SOUND only, not the letter name","no"
"phonemes/yaa_aa.mp3","يَا","yaa","Level 2 long vowel (fatha) — clearly lengthened (~2× short)","no"
"phonemes/yaa_ii.mp3","يِي","yii","Level 2 long vowel (kasra) — clearly lengthened (~2× short)","no"
"phonemes/yaa_uu.mp3","يُو","yuu","Level 2 long vowel (damma) — clearly lengthened (~2× short)","no"
"words/kataba.mp3","كَتَبَ","kataba","word level 1 — wrote","no"
"words/dhahaba.mp3","ذَهَبَ","dhahaba","word level 1 — went","no"
"words/jalasa.mp3","جَلَسَ","jalasa","word level 1 — sat down","no"
"words/rasama.mp3","رَسَمَ","rasama","word level 1 — drew","no"
"words/fataha.mp3","فَتَحَ","fataḥa","word level 1 — opened","no"
"words/akala.mp3","أَكَلَ","ʔakala","word level 1 — ate","no"
"words/shariba.mp3","شَرِبَ","shariba","word level 1 — drank","no"
"words/laiba.mp3","لَعِبَ","laʿiba","word level 1 — played","no"
"words/samia.mp3","سَمِعَ","samiʿa","word level 1 — heard","no"
"words/fahima.mp3","فَهِمَ","fahima","word level 1 — understood","no"
"words/kabura.mp3","كَبُرَ","kabura","word level 1 — grew bigger","no"
"words/hasuna.mp3","حَسُنَ","ḥasuna","word level 1 — became good","no"
"words/akhadha.mp3","أَخَذَ","ʔakhadha","word level 1 — took","no"
"words/nazala.mp3","نَزَلَ","nazala","word level 1 — went down","no"
"words/dakhala.mp3","دَخَلَ","dakhala","word level 1 — went in","no"
"words/kharaja.mp3","خَرَجَ","kharaja","word level 1 — went out","no"
"words/rajaa.mp3","رَجَعَ","rajaʿa","word level 1 — came back","no"
"words/tabakha.mp3","طَبَخَ","ṭabakha","word level 1 — cooked","no"
"words/ghasala.mp3","غَسَلَ","ghasala","word level 1 — washed","no"
"words/zaraa.mp3","زَرَعَ","zaraʿa","word level 1 — planted","no"
"words/saida.mp3","صَعِدَ","ṣaʿida","word level 1 — climbed up","no"
"words/amila.mp3","عَمِلَ","ʿamila","word level 1 — worked","no"
"words/dahika.mp3","ضَحِكَ","ḍaḥika","word level 1 — laughed","no"
"words/hamala.mp3","حَمَلَ","ḥamala","word level 1 — carried","no"
"words/nazara.mp3","نَظَرَ","naẓara","word level 1 — looked","no"
"words/waqafa.mp3","وَقَفَ","waqafa","word level 1 — stood up","no"
"words/qafaza.mp3","قَفَزَ","qafaza","word level 1 — jumped","no"
"words/thabata.mp3","ثَبَتَ","thabata","word level 1 — stayed still","no"
"words/zahara.mp3","ظَهَرَ","ẓahara","word level 1 — appeared","no"
"words/hafiza.mp3","حَفِظَ","ḥafiẓa","word level 1 — memorised","no"
"words/kasara.mp3","كَسَرَ","kasara","word level 1 — broke","no"
"words/sabaha.mp3","سَبَحَ","sabaḥa","word level 1 — swam","no"
"words/rakada.mp3","رَكَضَ","rakaḍa","word level 1 — ran","no"
"words/masaka.mp3","مَسَكَ","masaka","word level 1 — held","no"
"words/fariha.mp3","فَرِحَ","fariḥa","word level 1 — was happy","no"
"words/hazina.mp3","حَزِنَ","ḥazina","word level 1 — was sad","no"
"words/shakara.mp3","شَكَرَ","shakara","word level 1 — thanked","no"
"words/najaha.mp3","نَجَحَ","najaḥa","word level 1 — succeeded","no"
"words/talaba.mp3","طَلَبَ","ṭalaba","word level 1 — asked for","no"
"words/ghadiba.mp3","غَضِبَ","ghaḍiba","word level 1 — got angry","no"
"words/sabara.mp3","صَبَرَ","ṣabara","word level 1 — was patient","no"
"words/saala.mp3","سَأَلَ","saʔala","word level 1 — asked","no"
"words/wasala.mp3","وَصَلَ","waṣala","word level 1 — arrived","no"
"words/jamaa.mp3","جَمَعَ","jamaʿa","word level 1 — collected","no"
"words/qataa.mp3","قَطَعَ","qaṭaʿa","word level 1 — cut","no"
"words/bahatha.mp3","بَحَثَ","baḥatha","word level 1 — searched","no"
"words/hadatha.mp3","حَدَثَ","ḥadatha","word level 1 — happened","no"
"words/raqasa.mp3","رَقَصَ","raqaṣa","word level 1 — danced","no"
"words/nafakha.mp3","نَفَخَ","nafakha","word level 1 — blew","no"
"words/lamasa.mp3","لَمَسَ","lamasa","word level 1 — touched","no"
"words/darasa.mp3","دَرَسَ","darasa","word level 1 — studied","no"
"words/hadara.mp3","حَضَرَ","ḥaḍara","word level 1 — came / attended","no"
"words/taiba.mp3","تَعِبَ","taʿiba","word level 1 — got tired","no"
"words/shabia.mp3","شَبِعَ","shabiʿa","word level 1 — was full","no"
"words/atisha.mp3","عَطِشَ","ʿaṭisha","word level 1 — was thirsty","no"
"words/saghura.mp3","صَغُرَ","ṣaghura","word level 1 — became small","no"
"words/karuma.mp3","كَرُمَ","karuma","word level 1 — was generous","no"
"words/yabisa.mp3","يَبِسَ","yabisa","word level 1 — dried up","no"
"words/wajada.mp3","وَجَدَ","wajada","word level 1 — found","no"
"words/waada.mp3","وَعَدَ","waʿada","word level 1 — promised","no"
"words/balagha.mp3","بَلَغَ","balagha","word level 1 — reached","no"
"words/gharasa.mp3","غَرَسَ","gharasa","word level 1 — planted (a tree)","no"
"words/huwa.mp3","هُوَ","huwa","word level 1 — he","no"
"words/hiya.mp3","هِيَ","hiya","word level 1 — she","no"
"words/maa.mp3","مَعَ","maʿa","word level 1 — with","no"
"words/laka.mp3","لَكَ","laka","word level 1 — for you","no"
"words/maamaa.mp3","مَامَا","maamaa","word level 2 — mum","no"
"words/baabaa.mp3","بَابَا","baabaa","word level 2 — dad","no"
"words/naama.mp3","نَامَ","naama","word level 2 — slept","no"
"words/qaama.mp3","قَامَ","qaama","word level 2 — stood up","no"
"words/taara.mp3","طَارَ","ṭaara","word level 2 — flew","no"
"words/zaara.mp3","زَارَ","zaara","word level 2 — visited","no"
"words/qaala.mp3","قَالَ","qaala","word level 2 — said","no"
"words/saama.mp3","صَامَ","ṣaama","word level 2 — fasted","no"
"words/baaa.mp3","بَاعَ","baaʿa","word level 2 — sold","no"
"words/saara.mp3","سَارَ","saara","word level 2 — walked","no"
"words/jaaa.mp3","جَاعَ","jaaʿa","word level 2 — got hungry","no"
"words/kaana.mp3","كَانَ","kaana","word level 2 — was","no"
"words/aada.mp3","عَادَ","ʿaada","word level 2 — returned","no"
"words/daara.mp3","دَارَ","daara","word level 2 — turned around","no"
"words/yatiiru.mp3","يَطِيرُ","yaṭiiru","word level 2 — flies","no"
"words/yasiiru.mp3","يَسِيرُ","yasiiru","word level 2 — walks","no"
"words/yabiiu.mp3","يَبِيعُ","yabiiʿu","word level 2 — sells","no"
"words/yaquulu.mp3","يَقُولُ","yaquulu","word level 2 — says","no"
"words/yaquumu.mp3","يَقُومُ","yaquumu","word level 2 — stands up","no"
"words/yasuumu.mp3","يَصُومُ","yaṣuumu","word level 2 — fasts","no"
"words/yazuuru.mp3","يَزُورُ","yazuuru","word level 2 — visits","no"
"words/yaduuru.mp3","يَدُورُ","yaduuru","word level 2 — turns around","no"
"stories/alif.mp3","أَحْمَدُ أَكَلَ أَرُزًّا. أُمُّ أَحْمَدَ أَعْطَتْهُ أَرْنَبًا. أَحْمَدُ أَحَبَّ أَرْنَبَهُ.","","story for أ — all three sentences, slow FS2 pace","no"
"stories/alif_1.mp3","أَحْمَدُ أَكَلَ أَرُزًّا.","","story أ sentence 1 (optional; enables highlighting)","no"
"stories/alif_2.mp3","أُمُّ أَحْمَدَ أَعْطَتْهُ أَرْنَبًا.","","story أ sentence 2 (optional; enables highlighting)","no"
"stories/alif_3.mp3","أَحْمَدُ أَحَبَّ أَرْنَبَهُ.","","story أ sentence 3 (optional; enables highlighting)","no"
"stories/baa.mp3","بَاسِمٌ بَنَى بَيْتًا. بَيْتُ بَاسِمٍ بِجَانِبِ بَحْرٍ. بَاسِمٌ يُحِبُّ بَيْتَهُ.","","story for ب — all three sentences, slow FS2 pace","no"
"stories/baa_1.mp3","بَاسِمٌ بَنَى بَيْتًا.","","story ب sentence 1 (optional; enables highlighting)","no"
"stories/baa_2.mp3","بَيْتُ بَاسِمٍ بِجَانِبِ بَحْرٍ.","","story ب sentence 2 (optional; enables highlighting)","no"
"stories/baa_3.mp3","بَاسِمٌ يُحِبُّ بَيْتَهُ.","","story ب sentence 3 (optional; enables highlighting)","no"
"stories/taa.mp3","تَالَا تُحِبُّ التُّوتَ. تَالَا تَأْكُلُ تُوتًا وَتَمْرًا. تَالَا تَبْتَسِمُ.","","story for ت — all three sentences, slow FS2 pace","no"
"stories/taa_1.mp3","تَالَا تُحِبُّ التُّوتَ.","","story ت sentence 1 (optional; enables highlighting)","no"
"stories/taa_2.mp3","تَالَا تَأْكُلُ تُوتًا وَتَمْرًا.","","story ت sentence 2 (optional; enables highlighting)","no"
"stories/taa_3.mp3","تَالَا تَبْتَسِمُ.","","story ت sentence 3 (optional; enables highlighting)","no"
"stories/thaa.mp3","ثَامِرٌ عِنْدَهُ ثَوْبٌ. ثَوْبُ ثَامِرٍ ثَقِيلٌ. ثَامِرٌ يُحِبُّ ثَوْبَهُ الثَّقِيلَ.","","story for ث — all three sentences, slow FS2 pace","no"
"stories/thaa_1.mp3","ثَامِرٌ عِنْدَهُ ثَوْبٌ.","","story ث sentence 1 (optional; enables highlighting)","no"
"stories/thaa_2.mp3","ثَوْبُ ثَامِرٍ ثَقِيلٌ.","","story ث sentence 2 (optional; enables highlighting)","no"
"stories/thaa_3.mp3","ثَامِرٌ يُحِبُّ ثَوْبَهُ الثَّقِيلَ.","","story ث sentence 3 (optional; enables highlighting)","no"
"stories/jeem.mp3","جَمِيلَةُ عِنْدَهَا جَمَلٌ. جَمَلُ جَمِيلَةَ جَائِعٌ جِدًّا. جَمِيلَةُ تُعْطِي جَمَلَهَا جَزَرًا.","","story for ج — all three sentences, slow FS2 pace","no"
"stories/jeem_1.mp3","جَمِيلَةُ عِنْدَهَا جَمَلٌ.","","story ج sentence 1 (optional; enables highlighting)","no"
"stories/jeem_2.mp3","جَمَلُ جَمِيلَةَ جَائِعٌ جِدًّا.","","story ج sentence 2 (optional; enables highlighting)","no"
"stories/jeem_3.mp3","جَمِيلَةُ تُعْطِي جَمَلَهَا جَزَرًا.","","story ج sentence 3 (optional; enables highlighting)","no"
"stories/hhaa.mp3","حَامِدٌ عِنْدَهُ حِصَانٌ. حِصَانُ حَامِدٍ حُلْوٌ. حَامِدٌ يُحِبُّ حِصَانَهُ.","","story for ح — all three sentences, slow FS2 pace","no"
"stories/hhaa_1.mp3","حَامِدٌ عِنْدَهُ حِصَانٌ.","","story ح sentence 1 (optional; enables highlighting)","no"
"stories/hhaa_2.mp3","حِصَانُ حَامِدٍ حُلْوٌ.","","story ح sentence 2 (optional; enables highlighting)","no"
"stories/hhaa_3.mp3","حَامِدٌ يُحِبُّ حِصَانَهُ.","","story ح sentence 3 (optional; enables highlighting)","no"
"stories/khaa.mp3","خَالِدٌ عِنْدَهُ خَرُوفٌ. خَرُوفُ خَالِدٍ يَأْكُلُ خُبْزًا. خَالِدٌ وَخَرُوفُهُ فِي الْخَيْمَةِ.","","story for خ — all three sentences, slow FS2 pace","no"
"stories/khaa_1.mp3","خَالِدٌ عِنْدَهُ خَرُوفٌ.","","story خ sentence 1 (optional; enables highlighting)","no"
"stories/khaa_2.mp3","خَرُوفُ خَالِدٍ يَأْكُلُ خُبْزًا.","","story خ sentence 2 (optional; enables highlighting)","no"
"stories/khaa_3.mp3","خَالِدٌ وَخَرُوفُهُ فِي الْخَيْمَةِ.","","story خ sentence 3 (optional; enables highlighting)","no"
"stories/daal.mp3","دَانَةُ عِنْدَهَا دُبٌّ. دُبُّ دَانَةَ دَافِئٌ. دَانَةُ تُحِبُّ دُبَّهَا.","","story for د — all three sentences, slow FS2 pace","no"
"stories/daal_1.mp3","دَانَةُ عِنْدَهَا دُبٌّ.","","story د sentence 1 (optional; enables highlighting)","no"
"stories/daal_2.mp3","دُبُّ دَانَةَ دَافِئٌ.","","story د sentence 2 (optional; enables highlighting)","no"
"stories/daal_3.mp3","دَانَةُ تُحِبُّ دُبَّهَا.","","story د sentence 3 (optional; enables highlighting)","no"
"stories/dhaal.mp3","ذَهَبَ ذِئْبٌ صَغِيرٌ. ذَيْلُ الذِّئْبِ ذَهَبِيٌّ. أَكَلَ الذِّئْبُ ذُرَةً لَذِيذَةً.","","story for ذ — all three sentences, slow FS2 pace","no"
"stories/dhaal_1.mp3","ذَهَبَ ذِئْبٌ صَغِيرٌ.","","story ذ sentence 1 (optional; enables highlighting)","no"
"stories/dhaal_2.mp3","ذَيْلُ الذِّئْبِ ذَهَبِيٌّ.","","story ذ sentence 2 (optional; enables highlighting)","no"
"stories/dhaal_3.mp3","أَكَلَ الذِّئْبُ ذُرَةً لَذِيذَةً.","","story ذ sentence 3 (optional; enables highlighting)","no"
"stories/raa.mp3","رَاشِدٌ رَسَمَ رُمَّانَةً. رُمَّانَةُ رَاشِدٍ حَمْرَاءُ. رَاشِدٌ رَسَمَ رُمَّانًا كَثِيرًا.","","story for ر — all three sentences, slow FS2 pace","no"
"stories/raa_1.mp3","رَاشِدٌ رَسَمَ رُمَّانَةً.","","story ر sentence 1 (optional; enables highlighting)","no"
"stories/raa_2.mp3","رُمَّانَةُ رَاشِدٍ حَمْرَاءُ.","","story ر sentence 2 (optional; enables highlighting)","no"
"stories/raa_3.mp3","رَاشِدٌ رَسَمَ رُمَّانًا كَثِيرًا.","","story ر sentence 3 (optional; enables highlighting)","no"
"stories/zaay.mp3","زَيْدٌ زَرَعَ زَهْرَةً. زَهْرَةُ زَيْدٍ زَاهِيَةٌ. زَيْدٌ وَزَيْنَبُ يَزُورَانِ الزَّهْرَةَ.","","story for ز — all three sentences, slow FS2 pace","no"
"stories/zaay_1.mp3","زَيْدٌ زَرَعَ زَهْرَةً.","","story ز sentence 1 (optional; enables highlighting)","no"
"stories/zaay_2.mp3","زَهْرَةُ زَيْدٍ زَاهِيَةٌ.","","story ز sentence 2 (optional; enables highlighting)","no"
"stories/zaay_3.mp3","زَيْدٌ وَزَيْنَبُ يَزُورَانِ الزَّهْرَةَ.","","story ز sentence 3 (optional; enables highlighting)","no"
"stories/seen.mp3","سَارَةُ عِنْدَهَا سَمَكَةٌ. سَمَكَةُ سَارَةَ تَسْبَحُ. سَارَةُ سَعِيدَةٌ بِسَمَكَتِهَا.","","story for س — all three sentences, slow FS2 pace","no"
"stories/seen_1.mp3","سَارَةُ عِنْدَهَا سَمَكَةٌ.","","story س sentence 1 (optional; enables highlighting)","no"
"stories/seen_2.mp3","سَمَكَةُ سَارَةَ تَسْبَحُ.","","story س sentence 2 (optional; enables highlighting)","no"
"stories/seen_3.mp3","سَارَةُ سَعِيدَةٌ بِسَمَكَتِهَا.","","story س sentence 3 (optional; enables highlighting)","no"
"stories/sheen.mp3","شَيْمَاءُ تُحِبُّ الشَّمْسَ. شَيْمَاءُ تَشْرَبُ عَصِيرَ مِشْمِشٍ. شَيْمَاءُ تَشْكُرُ شَقِيقَهَا.","","story for ش — all three sentences, slow FS2 pace","no"
"stories/sheen_1.mp3","شَيْمَاءُ تُحِبُّ الشَّمْسَ.","","story ش sentence 1 (optional; enables highlighting)","no"
"stories/sheen_2.mp3","شَيْمَاءُ تَشْرَبُ عَصِيرَ مِشْمِشٍ.","","story ش sentence 2 (optional; enables highlighting)","no"
"stories/sheen_3.mp3","شَيْمَاءُ تَشْكُرُ شَقِيقَهَا.","","story ش sentence 3 (optional; enables highlighting)","no"
"stories/saad.mp3","صَفَاءُ عِنْدَهَا صُنْدُوقٌ صَغِيرٌ. فِي الصُّنْدُوقِ صُورَةٌ وَصَدَفَةٌ. صَفَاءُ تُحِبُّ صُنْدُوقَهَا.","","story for ص — all three sentences, slow FS2 pace","no"
"stories/saad_1.mp3","صَفَاءُ عِنْدَهَا صُنْدُوقٌ صَغِيرٌ.","","story ص sentence 1 (optional; enables highlighting)","no"
"stories/saad_2.mp3","فِي الصُّنْدُوقِ صُورَةٌ وَصَدَفَةٌ.","","story ص sentence 2 (optional; enables highlighting)","no"
"stories/saad_3.mp3","صَفَاءُ تُحِبُّ صُنْدُوقَهَا.","","story ص sentence 3 (optional; enables highlighting)","no"
"stories/daad.mp3","ضِفْدَعٌ أَخْضَرُ فِي الْحَوْضِ. ضَحِكَ الضِّفْدَعُ ضَحْكَةً كَبِيرَةً. الضِّفْدَعُ ضَيْفُ الْحَوْضِ.","","story for ض — all three sentences, slow FS2 pace","no"
"stories/daad_1.mp3","ضِفْدَعٌ أَخْضَرُ فِي الْحَوْضِ.","","story ض sentence 1 (optional; enables highlighting)","no"
"stories/daad_2.mp3","ضَحِكَ الضِّفْدَعُ ضَحْكَةً كَبِيرَةً.","","story ض sentence 2 (optional; enables highlighting)","no"
"stories/daad_3.mp3","الضِّفْدَعُ ضَيْفُ الْحَوْضِ.","","story ض sentence 3 (optional; enables highlighting)","no"
"stories/ttaa.mp3","طِفْلٌ طَيِّبٌ عِنْدَهُ طَبَقٌ. فِي الطَّبَقِ طَمَاطِمُ. الطِّفْلُ يَطْبُخُ الطَّمَاطِمَ.","","story for ط — all three sentences, slow FS2 pace","no"
"stories/ttaa_1.mp3","طِفْلٌ طَيِّبٌ عِنْدَهُ طَبَقٌ.","","story ط sentence 1 (optional; enables highlighting)","no"
"stories/ttaa_2.mp3","فِي الطَّبَقِ طَمَاطِمُ.","","story ط sentence 2 (optional; enables highlighting)","no"
"stories/ttaa_3.mp3","الطِّفْلُ يَطْبُخُ الطَّمَاطِمَ.","","story ط sentence 3 (optional; enables highlighting)","no"
"stories/zhaa.mp3","ظَبْيٌ ظَرِيفٌ فِي الظِّلِّ. ظَهَرَ الظَّبْيُ ظُهْرًا. الظَّبْيُ ظَمْآنُ.","","story for ظ — all three sentences, slow FS2 pace","no"
"stories/zhaa_1.mp3","ظَبْيٌ ظَرِيفٌ فِي الظِّلِّ.","","story ظ sentence 1 (optional; enables highlighting)","no"
"stories/zhaa_2.mp3","ظَهَرَ الظَّبْيُ ظُهْرًا.","","story ظ sentence 2 (optional; enables highlighting)","no"
"stories/zhaa_3.mp3","الظَّبْيُ ظَمْآنُ.","","story ظ sentence 3 (optional; enables highlighting)","no"
"stories/ain.mp3","عُمَرُ عِنْدَهُ عُصْفُورٌ. عُصْفُورُ عُمَرَ فِي الْعُشِّ. عُمَرُ يُعْطِي عُصْفُورَهُ عِنَبًا.","","story for ع — all three sentences, slow FS2 pace","no"
"stories/ain_1.mp3","عُمَرُ عِنْدَهُ عُصْفُورٌ.","","story ع sentence 1 (optional; enables highlighting)","no"
"stories/ain_2.mp3","عُصْفُورُ عُمَرَ فِي الْعُشِّ.","","story ع sentence 2 (optional; enables highlighting)","no"
"stories/ain_3.mp3","عُمَرُ يُعْطِي عُصْفُورَهُ عِنَبًا.","","story ع sentence 3 (optional; enables highlighting)","no"
"stories/ghain.mp3","غَادَةُ عِنْدَهَا غَزَالٌ. غَزَالُ غَادَةَ صَغِيرٌ. غَادَةُ تُغَنِّي لِغَزَالِهَا.","","story for غ — all three sentences, slow FS2 pace","no"
"stories/ghain_1.mp3","غَادَةُ عِنْدَهَا غَزَالٌ.","","story غ sentence 1 (optional; enables highlighting)","no"
"stories/ghain_2.mp3","غَزَالُ غَادَةَ صَغِيرٌ.","","story غ sentence 2 (optional; enables highlighting)","no"
"stories/ghain_3.mp3","غَادَةُ تُغَنِّي لِغَزَالِهَا.","","story غ sentence 3 (optional; enables highlighting)","no"
"stories/faa.mp3","فَرَحُ عِنْدَهَا فِيلٌ. فِيلُ فَرَحَ يَأْكُلُ فَرَاوِلَةً. فَرَحُ وَفِيلُهَا فَرْحَانَانِ.","","story for ف — all three sentences, slow FS2 pace","no"
"stories/faa_1.mp3","فَرَحُ عِنْدَهَا فِيلٌ.","","story ف sentence 1 (optional; enables highlighting)","no"
"stories/faa_2.mp3","فِيلُ فَرَحَ يَأْكُلُ فَرَاوِلَةً.","","story ف sentence 2 (optional; enables highlighting)","no"
"stories/faa_3.mp3","فَرَحُ وَفِيلُهَا فَرْحَانَانِ.","","story ف sentence 3 (optional; enables highlighting)","no"
"stories/qaaf.mp3","قَاسِمٌ عِنْدَهُ قِطٌّ. قِطُّ قَاسِمٍ يَقْفِزُ. قَاسِمٌ وَقِطُّهُ صَدِيقَانِ.","","story for ق — all three sentences, slow FS2 pace","no"
"stories/qaaf_1.mp3","قَاسِمٌ عِنْدَهُ قِطٌّ.","","story ق sentence 1 (optional; enables highlighting)","no"
"stories/qaaf_2.mp3","قِطُّ قَاسِمٍ يَقْفِزُ.","","story ق sentence 2 (optional; enables highlighting)","no"
"stories/qaaf_3.mp3","قَاسِمٌ وَقِطُّهُ صَدِيقَانِ.","","story ق sentence 3 (optional; enables highlighting)","no"
"stories/kaaf.mp3","كَمَالٌ عِنْدَهُ كُرَةٌ. كُرَةُ كَمَالٍ كَبِيرَةٌ. كَمَالٌ يَلْعَبُ بِكُرَتِهِ كَثِيرًا.","","story for ك — all three sentences, slow FS2 pace","no"
"stories/kaaf_1.mp3","كَمَالٌ عِنْدَهُ كُرَةٌ.","","story ك sentence 1 (optional; enables highlighting)","no"
"stories/kaaf_2.mp3","كُرَةُ كَمَالٍ كَبِيرَةٌ.","","story ك sentence 2 (optional; enables highlighting)","no"
"stories/kaaf_3.mp3","كَمَالٌ يَلْعَبُ بِكُرَتِهِ كَثِيرًا.","","story ك sentence 3 (optional; enables highlighting)","no"
"stories/laam.mp3","لَيْلَى تَلْعَبُ بِلُعْبَةٍ. لُعْبَةُ لَيْلَى لَوْنُهَا لَيْمُونِيٌّ. لَيْلَى لَطِيفَةٌ.","","story for ل — all three sentences, slow FS2 pace","no"
"stories/laam_1.mp3","لَيْلَى تَلْعَبُ بِلُعْبَةٍ.","","story ل sentence 1 (optional; enables highlighting)","no"
"stories/laam_2.mp3","لُعْبَةُ لَيْلَى لَوْنُهَا لَيْمُونِيٌّ.","","story ل sentence 2 (optional; enables highlighting)","no"
"stories/laam_3.mp3","لَيْلَى لَطِيفَةٌ.","","story ل sentence 3 (optional; enables highlighting)","no"
"stories/meem.mp3","مَازِنٌ مَعَ مَرْيَمَ. مَسَكَ مَازِنٌ مَوْزَةً. مَازِنٌ وَمَرْيَمُ مُبْتَسِمَانِ.","","story for م — all three sentences, slow FS2 pace","no"
"stories/meem_1.mp3","مَازِنٌ مَعَ مَرْيَمَ.","","story م sentence 1 (optional; enables highlighting)","no"
"stories/meem_2.mp3","مَسَكَ مَازِنٌ مَوْزَةً.","","story م sentence 2 (optional; enables highlighting)","no"
"stories/meem_3.mp3","مَازِنٌ وَمَرْيَمُ مُبْتَسِمَانِ.","","story م sentence 3 (optional; enables highlighting)","no"
"stories/noon.mp3","نَادِرٌ نَظَرَ إِلَى نَجْمَةٍ. نَجْمَةُ نَادِرٍ تَلْمَعُ. نَامَ نَادِرٌ نَوْمًا هَادِئًا.","","story for ن — all three sentences, slow FS2 pace","no"
"stories/noon_1.mp3","نَادِرٌ نَظَرَ إِلَى نَجْمَةٍ.","","story ن sentence 1 (optional; enables highlighting)","no"
"stories/noon_2.mp3","نَجْمَةُ نَادِرٍ تَلْمَعُ.","","story ن sentence 2 (optional; enables highlighting)","no"
"stories/noon_3.mp3","نَامَ نَادِرٌ نَوْمًا هَادِئًا.","","story ن sentence 3 (optional; enables highlighting)","no"
"stories/haa.mp3","هَالَةُ عِنْدَهَا هِرَّةٌ. هِرَّةُ هَالَةَ هَادِئَةٌ. هَالَةُ تَهْمِسُ لِهِرَّتِهَا.","","story for ه — all three sentences, slow FS2 pace","no"
"stories/haa_1.mp3","هَالَةُ عِنْدَهَا هِرَّةٌ.","","story ه sentence 1 (optional; enables highlighting)","no"
"stories/haa_2.mp3","هِرَّةُ هَالَةَ هَادِئَةٌ.","","story ه sentence 2 (optional; enables highlighting)","no"
"stories/haa_3.mp3","هَالَةُ تَهْمِسُ لِهِرَّتِهَا.","","story ه sentence 3 (optional; enables highlighting)","no"
"stories/waaw.mp3","وَائِلٌ عِنْدَهُ وَرْدَةٌ. وَرْدَةُ وَائِلٍ وَرْدِيَّةٌ. وَائِلٌ وَوَالِدُهُ يَسْقِيَانِ الْوَرْدَ.","","story for و — all three sentences, slow FS2 pace","no"
"stories/waaw_1.mp3","وَائِلٌ عِنْدَهُ وَرْدَةٌ.","","story و sentence 1 (optional; enables highlighting)","no"
"stories/waaw_2.mp3","وَرْدَةُ وَائِلٍ وَرْدِيَّةٌ.","","story و sentence 2 (optional; enables highlighting)","no"
"stories/waaw_3.mp3","وَائِلٌ وَوَالِدُهُ يَسْقِيَانِ الْوَرْدَ.","","story و sentence 3 (optional; enables highlighting)","no"
"stories/yaa.mp3","يُوسُفُ يَرَى يَمَامَةً. يَمَامَةُ يُوسُفَ بَيْضَاءُ. يُوسُفُ يُطْعِمُ يَمَامَتَهُ بِيَدِهِ.","","story for ي — all three sentences, slow FS2 pace","no"
"stories/yaa_1.mp3","يُوسُفُ يَرَى يَمَامَةً.","","story ي sentence 1 (optional; enables highlighting)","no"
"stories/yaa_2.mp3","يَمَامَةُ يُوسُفَ بَيْضَاءُ.","","story ي sentence 2 (optional; enables highlighting)","no"
"stories/yaa_3.mp3","يُوسُفُ يُطْعِمُ يَمَامَتَهُ بِيَدِهِ.","","story ي sentence 3 (optional; enables highlighting)","no"
"sentences/s01.mp3","هُوَ كَتَبَ.","","decodable sentence — He wrote.","no"
"sentences/s02.mp3","هُوَ أَكَلَ.","","decodable sentence — He ate.","no"
"sentences/s03.mp3","هُوَ شَرِبَ.","","decodable sentence — He drank.","no"
"sentences/s04.mp3","هُوَ سَبَحَ.","","decodable sentence — He swam.","no"
"sentences/s05.mp3","هُوَ رَكَضَ.","","decodable sentence — He ran.","no"
"sentences/s06.mp3","هُوَ ضَحِكَ.","","decodable sentence — He laughed.","no"
"sentences/s07.mp3","هُوَ قَفَزَ.","","decodable sentence — He jumped.","no"
"sentences/s08.mp3","أَكَلَ وَشَرِبَ.","","decodable sentence — He ate and drank.","no"
"sentences/s09.mp3","جَلَسَ وَكَتَبَ.","","decodable sentence — He sat down and wrote.","no"
"sentences/s10.mp3","لَعِبَ وَضَحِكَ.","","decodable sentence — He played and laughed.","no"
"sentences/s11.mp3","فَتَحَ وَدَخَلَ.","","decodable sentence — He opened and went in.","no"
"sentences/s12.mp3","غَسَلَ وَأَكَلَ.","","decodable sentence — He washed and ate.","no"
"sentences/s13.mp3","طَبَخَ وَأَكَلَ.","","decodable sentence — He cooked and ate.","no"
"sentences/s14.mp3","رَسَمَ وَفَرِحَ.","","decodable sentence — He drew and was happy.","no"
"instructions/choose_letter.mp3","اِخْتَرْ حَرْفًا لِتَتَعَلَّمَهُ","","instruction","no"
"instructions/listen_carefully.mp3","اِسْتَمِعْ جَيِّدًا","","instruction","no"
"instructions/which_sound.mp3","أَيُّ صَوْتٍ سَمِعْتَ؟","","instruction","no"
"instructions/hold_and_say.mp3","اِضْغَطْ مُطَوَّلًا وَقُلْ:","","instruction","no"
"instructions/well_done.mp3","أَحْسَنْتَ!","","instruction","no"
"instructions/great.mp3","رَائِعٌ!","","instruction","no"
"instructions/excellent.mp3","مُمْتَازٌ!","","instruction","no"
"instructions/correct.mp3","صَحِيحٌ!","","instruction","no"
"instructions/try_again.mp3","حَاوِلْ مَرَّةً أُخْرَى","","instruction","no"
"instructions/didnt_hear.mp3","لَمْ أَسْمَعْكَ جَيِّدًا","","instruction","no"
"instructions/say_short.mp3","قُلْهُ قَصِيرًا","","instruction","no"
"instructions/say_long.mp3","مُدَّ الصَّوْتَ","","instruction","no"
"instructions/letter_complete.mp3","أَكْمَلْتَ الْحَرْفَ!","","instruction","no"
"instructions/choose_another.mp3","اِخْتَرْ حَرْفًا آخَرَ","","instruction","no"
"instructions/listen_word.mp3","اِسْتَمِعْ إِلَى الْكَلِمَةِ","","instruction","no"
"instructions/listen_again_try.mp3","اِسْتَمِعْ مَرَّةً أُخْرَى وَحَاوِلْ","","instruction","no"
"instructions/first_sound.mp3","مَا الصَّوْتُ الْأَوَّلُ؟","","instruction","no"
"instructions/middle_sound.mp3","مَا الصَّوْتُ الْأَوْسَطُ؟","","instruction","no"
"instructions/last_sound.mp3","مَا الصَّوْتُ الْأَخِيرُ؟","","instruction","no"
"instructions/listen_story.mp3","اِسْتَمِعْ إِلَى الْقِصَّةِ","","instruction","no"
"instructions/most_letter.mp3","مَا أَكْثَرُ حَرْفٍ سَمِعْتَ؟","","instruction","no"
"instructions/listen_story_again.mp3","اِسْتَمِعْ إِلَى الْقِصَّةِ مَرَّةً أُخْرَى","","instruction","no"
"instructions/learn_more.mp3","تَعَلَّمْ حُرُوفًا أَكْثَرَ أَوَّلًا","","instruction","no"
"instructions/short_or_long.mp3","قَصِيرٌ أَمْ طَوِيلٌ؟","","instruction","no"
"instructions/read_sentence.mp3","اِقْرَأِ الْجُمْلَةَ","","instruction","no"
"instructions/which_picture.mp3","أَيُّ صُورَةٍ تُنَاسِبُ الْجُمْلَةَ؟","","instruction","no"
"instructions/listen_yourself.mp3","اِسْتَمِعْ إِلَى صَوْتِكَ","","instruction","no"
"instructions/learn_more_words.mp3","تَدَرَّبْ عَلَى كَلِمَاتٍ أَكْثَرَ أَوَّلًا","","instruction","no"
"instructions/hold_longer.mp3","اِضْغَطْ مُطَوَّلًا","","instruction","no"
"instructions/service_unavailable.mp3","خِدْمَةُ التَّقْيِيمِ غَيْرُ مُتَاحَةٍ الْآنَ","","instruction","no"
"instructions/audio_unavailable.mp3","الصَّوْتُ غَيْرُ مُتَاحٍ","","instruction","no"
